feature,family,status,online_availability,botnet_missing_rate,benign_missing_rate,botnet_median,benign_median,target_attack_median,botnet_p05,botnet_p95,benign_p05,benign_p95,oriented_screening_auc,direction,entities_at_least_0_65,entities_total,max_pairwise_identity_auc,episodes_touching_tail,episodes_total
destination_bytes_total,A_volume,REFERENCE,online,0.0,0.0,640.0,4367.0,137250.0,128.0,1038.0,0.0,90476.75,0.716999,higher on benign,5,5,0.625696,0,40
destination_packets_total,A_volume,REFERENCE,online,0.0,0.0,20.0,16.0,1190.0,4.0,97.6,1.0,150.15,0.537223,higher on attack,0,5,0.605572,0,40
event_count,A_volume,REFERENCE,online,0.0,0.0,5.0,1.0,64.0,1.0,8.0,1.0,10.0,0.69564,higher on attack,4,5,0.630334,0,40
source_bytes_total,A_volume,REFERENCE,online,0.0,0.0,975.0,1170.0,82424.0,194.0,172773.2,0.0,12138.9,0.512349,higher on attack,0,5,0.675953,15,40
source_packets_total,A_volume,REFERENCE,online,0.0,0.0,25.0,18.0,976.0,5.0,63.0,1.0,150.0,0.530712,higher on attack,0,5,0.604106,0,40
duration_mean,B_temporal,NEEDS_REVIEW,requires completed flows,0.0,0.0,0.082815,5.868022,8.895683,0.06451,0.14963,0.000717,180.536153,0.824195,higher on benign,5,5,0.656328,0,40
interarrival_cv,B_temporal,NEEDS_REVIEW,online (start times only),0.418079,0.790643,0.425001,1.154298,1.379564,0.000218,0.931461,0.094942,3.585654,0.874647,higher on benign,5,5,0.682692,14,40
interarrival_mean,B_temporal,NEEDS_REVIEW,online (start times only),0.310734,0.586741,8.497779,0.167091,0.898416,4.765275,24.232167,5.7e-05,13.038707,0.914561,higher on attack,5,5,0.57971,0,40
byte_direction_ratio,C_direction,NEEDS_REVIEW,online,0.0,0.075845,0.604938,0.273081,0.39515,0.602484,0.996068,0.021397,0.869355,0.900184,higher on attack,5,5,0.791383,0,40
bytes_per_packet_destination,C_direction,NEEDS_REVIEW,online,0.0,0.035365,32.0,232.291005,83.376168,7.553332,32.0,0.0,1159.492929,0.885244,higher on benign,5,5,0.569783,0,40
active_span_ratio,D_flow_behaviour,NEEDS_REVIEW,requires completed flows,0.0,0.0,0.506403,0.210987,1.133539,0.001081,0.853969,0.000269,3.021736,0.554907,higher on benign,0,5,0.637238,0,40
bytes_per_second,D_flow_behaviour,NEEDS_REVIEW,requires completed flows,0.0,0.0,4577.447673,547.140924,402.114671,3304.338271,236662.031402,0.0,578774.772374,0.791319,higher on attack,5,5,0.723325,0,40
distinct_payload_ratio,D_flow_behaviour,SAFE,online,0.0,0.0,0.5,1.0,0.0625,0.142857,1.0,0.5,1.0,0.763171,higher on benign,5,5,0.652829,6,40
duty_cycle,D_flow_behaviour,NEEDS_REVIEW,requires completed flows,0.0,0.0,0.006406,0.183471,9.833275,0.001081,0.01676,5.9e-05,4.956748,0.790794,higher on benign,5,5,0.61014,0,40
idle_ratio,D_flow_behaviour,NEEDS_REVIEW,requires completed flows,0.0,0.0,0.993594,0.874351,0.0,0.98324,0.998919,0.0,0.999951,0.784866,higher on attack,5,5,0.61014,0,40
max_concurrency,D_flow_behaviour,NEEDS_REVIEW,requires completed flows,0.0,0.0,1.0,1.0,10.0,1.0,1.0,1.0,6.0,0.667602,higher on benign,5,5,0.5,0,40
packets_per_flow,D_flow_behaviour,NEEDS_REVIEW,online,0.0,0.0,9.0,22.0,28.0,9.0,28.453333,2.0,86.5,0.687937,higher on benign,5,5,0.570441,0,40
packets_per_second,D_flow_behaviour,NEEDS_REVIEW,requires completed flows,0.0,0.0,122.727789,2.11776,3.252057,82.316939,220.925598,0.270609,11910.655366,0.872629,higher on attack,5,5,0.779156,0,40
payload_repeat_ratio,D_flow_behaviour,SAFE,online,0.310734,0.586741,0.571429,0.0,0.94,0.0,0.857143,0.0,0.75,0.854587,higher on attack,5,5,0.550521,2,40
response_ratio,D_flow_behaviour,NEEDS_REVIEW,online,0.0,0.0,1.0,1.0,1.0,1.0,1.0,1.0,1.0,0.517994,higher on attack,0,5,0.5,0,40
state_distinct_count,E_states_flags,NEEDS_REVIEW,requires completed flows,0.0,0.0,1.0,1.0,1.0,1.0,1.0,1.0,1.0,0.515309,higher on benign,0,5,0.5,0,40
state_sf_ratio,E_states_flags,NEEDS_REVIEW,requires completed flows,0.0,0.0,1.0,1.0,1.0,1.0,1.0,0.0,1.0,0.560373,higher on attack,0,5,0.5,0,40
