candidate_id,feasible,fold,held_out_attack_type,selected_trees,validation_fpr,episode_recall,window_recall,roc_auc,pr_auc,pooled_validation_fpr,macro_episode_recall,minimum_family_episode_recall,macro_pr_auc,final_n_estimators
P1_CONTROL,1,1,brute_force/ftp_patator,200,0.00135869565217,0,0,0.983362718986,0.205225137817,0.00297514259559,0.5,0,0.48534168236,200
P1_CONTROL,1,2,brute_force/ssh_patator,200,0.00682593856655,0,0,0.899102910504,0.156823153895,0.00297514259559,0.5,0,0.48534168236,200
P1_CONTROL,1,3,ddos/loit,200,0.00169744703965,1,1,0.999975750757,0.99373433584,0.00297514259559,0.5,0,0.48534168236,200
P1_CONTROL,1,4,dos/hulk,200,0.00206729398346,1,0.527777777778,0.991999136647,0.585584101888,0.00297514259559,0.5,0,0.48534168236,200
R001,1,1,brute_force/ftp_patator,76,0.00300343249428,0,0,0.962349828375,0.0569029850746,0.00220054925709,0.25,0,0.134268160254,1
R001,1,2,brute_force/ssh_patator,1,0.00227531285552,0,0,0.464697098976,0.00424808836024,0.00220054925709,0.25,0,0.134268160254,1
R001,1,3,ddos/loit,1,0.00156165127648,0.5,0.5,0.983976099946,0.260976789168,0.00220054925709,0.25,0,0.134268160254,1
R001,1,4,dos/hulk,1,0.00199600798403,0.5,0.5,0.983016110636,0.214944778415,0.00220054925709,0.25,0,0.134268160254,1
R002,1,1,brute_force/ftp_patator,41,0.00164473684211,1,0.983606557377,0.997121417451,0.711572799744,0.00327441729456,0.777777777778,0.111111111111,0.629749645898,36
R002,1,2,brute_force/ssh_patator,1,0.0030574516496,0.111111111111,0.55,0.920759859689,0.26273917525,0.00327441729456,0.777777777778,0.111111111111,0.629749645898,36
R002,1,3,ddos/loit,30,0.00570342205323,1,1,0.999995150151,0.998412698413,0.00327441729456,0.777777777778,0.111111111111,0.629749645898,36
R002,1,4,dos/hulk,60,0.00256629597947,1,0.527777777778,0.968176741755,0.546273910182,0.00327441729456,0.777777777778,0.111111111111,0.629749645898,36
R003,1,1,brute_force/ftp_patator,8,0.00235983981693,0,0,0.962957665904,0.0573308270677,0.00204210971058,0.25,0,0.134375120753,1
R003,1,2,brute_force/ssh_patator,1,0.00227531285552,0,0,0.464697098976,0.00424808836024,0.00204210971058,0.25,0,0.134375120753,1
R003,1,3,ddos/loit,1,0.00156165127648,0.5,0.5,0.983976099946,0.260976789168,0.00204210971058,0.25,0,0.134375120753,1
R003,1,4,dos/hulk,1,0.00199600798403,0.5,0.5,0.983016110636,0.214944778415,0.00204210971058,0.25,0,0.134375120753,1
R004,1,1,brute_force/ftp_patator,45,0.00307494279176,0,0,0.939538043478,0.0438533429188,0.00244701077389,0.25,0,0.119479798444,23
R004,1,2,brute_force/ssh_patator,1,0.00227531285552,0,0,0.464697098976,0.00424808836024,0.00244701077389,0.25,0,0.119479798444,23
R004,1,3,ddos/loit,63,0.0024443237371,0.5,0.5,0.97304454101,0.214872984083,0.00244701077389,0.25,0,0.119479798444,23
R004,1,4,dos/hulk,1,0.00199600798403,0.5,0.5,0.983016110636,0.214944778415,0.00244701077389,0.25,0,0.119479798444,23
R005,1,1,brute_force/ftp_patator,19,0.00271739130435,0,0,0.962635869565,0.0571161048689,0.00239419759172,0.25,0,0.132158440078,101
R005,1,2,brute_force/ssh_patator,1,0.00227531285552,0,0,0.464697098976,0.00424808836024,0.00239419759172,0.25,0,0.132158440078,101
R005,1,3,ddos/loit,182,0.00190114068441,0.5,0.5,0.983874253123,0.261024423338,0.00239419759172,0.25,0,0.132158440078,101
R005,1,4,dos/hulk,226,0.00270886797833,0.5,0.5,0.981859693312,0.206245143745,0.00239419759172,0.25,0,0.132158440078,101
R006,1,1,brute_force/ftp_patator,32,0.00164473684211,1,0.983606557377,0.998237447012,0.757434760999,0.00154918667699,0.777777777778,0.111111111111,0.761663913726,31
R006,1,2,brute_force/ssh_patator,2,0.000497724687144,0.111111111111,0.75,0.92739737391,0.700819964375,0.00154918667699,0.777777777778,0.111111111111,0.761663913726,31
R006,1,3,ddos/loit,30,0.00115426398696,1,1,0.999999191692,0.999446290144,0.00154918667699,0.777777777778,0.111111111111,0.761663913726,31
R006,1,4,dos/hulk,57,0.00292272597662,1,0.527777777778,0.9937951478,0.588954639384,0.00154918667699,0.777777777778,0.111111111111,0.761663913726,31
R007,1,1,brute_force/ftp_patator,57,0.00107265446224,1,0.983606557377,0.998849387591,0.832099421584,0.00144356031265,0.777777777778,0.111111111111,0.722110932619,42
R007,1,2,brute_force/ssh_patator,1,0.00014220705347,0.111111111111,0.55,0.922824824611,0.542494814348,0.00144356031265,0.777777777778,0.111111111111,0.722110932619,42
R007,1,3,ddos/loit,61,0.00115426398696,1,1,0.999999191692,0.999446290144,0.00144356031265,0.777777777778,0.111111111111,0.722110932619,42
R007,1,4,dos/hulk,27,0.00342172797263,1,0.527777777778,0.754340525299,0.514403204399,0.00144356031265,0.777777777778,0.111111111111,0.722110932619,42
R008,1,1,brute_force/ftp_patator,67,0.00171624713959,1,0.983606557377,0.998515282102,0.831940922013,0.00232378001549,0.777777777778,0.111111111111,0.739714688501,47
R008,1,2,brute_force/ssh_patator,10,0.0030574516496,0.111111111111,0.583333333333,0.918794439704,0.602436748543,0.00232378001549,0.777777777778,0.111111111111,0.739714688501,47
R008,1,3,ddos/loit,58,0.00115426398696,1,1,0.999999191692,0.999446290144,0.00232378001549,0.777777777778,0.111111111111,0.739714688501,47
R008,1,4,dos/hulk,36,0.00342172797263,1,0.527777777778,0.966181723854,0.525034793303,0.00232378001549,0.777777777778,0.111111111111,0.739714688501,47
R009,1,1,brute_force/ftp_patator,1,0.000786613272311,0,0,0.499606693364,0.00434318262727,0.00309837335399,0.527777777778,0,0.437385516794,1
R009,1,2,brute_force/ssh_patator,1,0.0030574516496,0.111111111111,0.55,0.920759859689,0.26273917525,0.00309837335399,0.527777777778,0,0.437385516794,1
R009,1,3,ddos/loit,1,0.00495654535578,1,1,0.999989491995,0.994372294372,0.00309837335399,0.527777777778,0,0.437385516794,1
R009,1,4,dos/hulk,1,0.00349301397206,1,0.527777777778,0.754322703799,0.488087414925,0.00309837335399,0.527777777778,0,0.437385516794,1
R010,1,1,brute_force/ftp_patator,5,0.00235983981693,0,0,0.962957665904,0.0573308270677,0.00204210971058,0.25,0,0.134375120753,1
R010,1,2,brute_force/ssh_patator,1,0.00227531285552,0,0,0.464697098976,0.00424808836024,0.00204210971058,0.25,0,0.134375120753,1
R010,1,3,ddos/loit,1,0.00156165127648,0.5,0.5,0.983976099946,0.260976789168,0.00204210971058,0.25,0,0.134375120753,1
R010,1,4,dos/hulk,1,0.00199600798403,0.5,0.5,0.983016110636,0.214944778415,0.00204210971058,0.25,0,0.134375120753,1
R011,1,1,brute_force/ftp_patator,13,0.00243135011442,0,0,0.946045480549,0.0469230769231,0.00205971410464,0.25,0,0.131773183217,1
R011,1,2,brute_force/ssh_patator,1,0.00227531285552,0,0,0.464697098976,0.00424808836024,0.00205971410464,0.25,0,0.131773183217,1
R011,1,3,ddos/loit,1,0.00156165127648,0.5,0.5,0.983976099946,0.260976789168,0.00205971410464,0.25,0,0.131773183217,1
R011,1,4,dos/hulk,1,0.00199600798403,0.5,0.5,0.983016110636,0.214944778415,0.00205971410464,0.25,0,0.131773183217,1
R012,1,1,brute_force/ftp_patator,46,0.00228832951945,0,0,0.996145477736,0.58492862989,0.00346806562918,0.527777777778,0,0.5859977131,22
R012,1,2,brute_force/ssh_patator,1,0.0030574516496,0.111111111111,0.55,0.920759859689,0.26273917525,0.00346806562918,0.527777777778,0,0.5859977131,22
R012,1,3,ddos/loit,1,0.00495654535578,1,1,0.99998706707,0.994372294372,0.00346806562918,0.527777777778,0,0.5859977131,22
R012,1,4,dos/hulk,43,0.00349301397206,1,0.527777777778,0.96702626493,0.501950752888,0.00346806562918,0.527777777778,0,0.5859977131,22
R013,1,1,brute_force/ftp_patator,5,0.00243135011442,0,0,0.946832093822,0.0473235065943,0.00205971410464,0.25,0,0.131873290634,1
R013,1,2,brute_force/ssh_patator,1,0.00227531285552,0,0,0.464697098976,0.00424808836024,0.00205971410464,0.25,0,0.131873290634,1
R013,1,3,ddos/loit,1,0.00156165127648,0.5,0.5,0.983976099946,0.260976789168,0.00205971410464,0.25,0,0.131873290634,1
R013,1,4,dos/hulk,1,0.00199600798403,0.5,0.5,0.983016110636,0.214944778415,0.00205971410464,0.25,0,0.131873290634,1
R014,1,1,brute_force/ftp_patator,24,0.00271739130435,0,0,0.962635869565,0.0571161048689,0.00246461516795,0.25,0,0.130384388184,52
R014,1,2,brute_force/ssh_patator,1,0.00227531285552,0,0,0.464697098976,0.00424808836024,0.00246461516795,0.25,0,0.130384388184,52
R014,1,3,ddos/loit,121,0.00190114068441,0.5,0.5,0.983925176534,0.261024423338,0.00246461516795,0.25,0,0.130384388184,52
R014,1,4,dos/hulk,80,0.00299401197605,0.5,0.5,0.98249928714,0.19914893617,0.00246461516795,0.25,0,0.130384388184,52
R015,1,1,brute_force/ftp_patator,80,0.00164473684211,1,0.983606557377,0.99744204149,0.711675402617,0.00110907682558,0.777777777778,0.111111111111,0.698065323917,72
R015,1,2,brute_force/ssh_patator,1,0.00014220705347,0.111111111111,0.55,0.922824824611,0.542494814348,0.00110907682558,0.777777777778,0.111111111111,0.698065323917,72
R015,1,3,ddos/loit,63,0.00115426398696,1,1,0.999999191692,0.999446290144,0.00110907682558,0.777777777778,0.111111111111,0.698065323917,72
R015,1,4,dos/hulk,80,0.00149700598802,1,0.527777777778,0.980117146659,0.538644788558,0.00110907682558,0.777777777778,0.111111111111,0.698065323917,72
R016,1,1,brute_force/ftp_patator,93,0.00271739130435,0,0,0.962635869565,0.0571161048689,0.00216534046898,0.25,0,0.132889898381,47
R016,1,2,brute_force/ssh_patator,1,0.00227531285552,0,0,0.464697098976,0.00424808836024,0.00216534046898,0.25,0,0.132889898381,47
R016,1,3,ddos/loit,96,0.00169744703965,0.5,0.5,0.983942151005,0.255793226381,0.00216534046898,0.25,0,0.132889898381,47
R016,1,4,dos/hulk,1,0.00199600798403,0.5,0.5,0.982053749644,0.214402173913,0.00216534046898,0.25,0,0.132889898381,47
R017,1,1,brute_force/ftp_patator,97,0.00228832951945,1,0.983606557377,0.997127278951,0.627546120887,0.00380254911626,0.777777777778,0.111111111111,0.612581643072,74
R017,1,2,brute_force/ssh_patator,19,0.00312855517634,0.111111111111,0.6,0.917439324991,0.284757715918,0.00380254911626,0.777777777778,0.111111111111,0.612581643072,74
R017,1,3,ddos/loit,54,0.00529603476372,1,1,0.999999191692,0.999446290144,0.00380254911626,0.777777777778,0.111111111111,0.612581643072,74
R017,1,4,dos/hulk,93,0.00441973196464,1,0.527777777778,0.980832976903,0.538576445338,0.00380254911626,0.777777777778,0.111111111111,0.612581643072,74
R018,1,1,brute_force/ftp_patator,42,0.00300343249428,0,0,0.962349828375,0.0569029850746,0.00311597774805,0.25,0,0.124935152492,27
R018,1,2,brute_force/ssh_patator,1,0.00227531285552,0,0,0.464697098976,0.00424808836024,0.00311597774805,0.25,0,0.124935152492,27
R018,1,3,ddos/loit,11,0.00380228136882,0.5,0.5,0.982686040196,0.235868448099,0.00311597774805,0.25,0,0.124935152492,27
R018,1,4,dos/hulk,135,0.0033504419732,0.5,0.5,0.982356715141,0.202721088435,0.00311597774805,0.25,0,0.124935152492,27
R019,1,1,brute_force/ftp_patator,1,0.000786613272311,0,0,0.499606693364,0.00434318262727,0.00309837335399,0.527777777778,0,0.481810853537,2
R019,1,2,brute_force/ssh_patator,4,0.0030574516496,0.111111111111,0.55,0.921961509291,0.41029408759,0.00309837335399,0.527777777778,0,0.481810853537,2
R019,1,3,ddos/loit,1,0.00495654535578,1,1,0.99998706707,0.994372294372,0.00309837335399,0.527777777778,0,0.481810853537,2
R019,1,4,dos/hulk,2,0.00349301397206,1,0.527777777778,0.754367257548,0.51823384956,0.00309837335399,0.527777777778,0,0.481810853537,2
R020,1,1,brute_force/ftp_patator,5,0.00235983981693,0,0,0.962957665904,0.0573308270677,0.00204210971058,0.25,0,0.134375120753,1
R020,1,2,brute_force/ssh_patator,1,0.00227531285552,0,0,0.464697098976,0.00424808836024,0.00204210971058,0.25,0,0.134375120753,1
R020,1,3,ddos/loit,1,0.00156165127648,0.5,0.5,0.983976099946,0.260976789168,0.00204210971058,0.25,0,0.134375120753,1
R020,1,4,dos/hulk,1,0.00199600798403,0.5,0.5,0.983016110636,0.214944778415,0.00204210971058,0.25,0,0.134375120753,1
R021,1,1,brute_force/ftp_patator,15,0.00157322654462,1,0.983606557377,0.998467803954,0.757526225853,0.00389057108654,0.777777777778,0.111111111111,0.748072952955,28
R021,1,2,brute_force/ssh_patator,22,0.00334186575654,0.111111111111,0.75,0.926526355707,0.619845051843,0.00389057108654,0.777777777778,0.111111111111,0.748072952955,28
R021,1,3,ddos/loit,34,0.00556762629006,1,1,0.999999191692,0.999446290144,0.00389057108654,0.777777777778,0.111111111111,0.748072952955,28
R021,1,4,dos/hulk,102,0.00499001996008,1,0.527777777778,0.995623831702,0.615474243982,0.00389057108654,0.777777777778,0.111111111111,0.748072952955,28
R022,1,1,brute_force/ftp_patator,1,0.00243135011442,0,0,0.962921910755,0.0573308270677,0.00283430744314,0.25,0,0.128504866934,1
R022,1,2,brute_force/ssh_patator,1,0.00227531285552,0,0,0.464697098976,0.00424808836024,0.00283430744314,0.25,0,0.128504866934,1
R022,1,3,ddos/loit,1,0.0024443237371,0.5,0.5,0.983534763715,0.260672040446,0.00283430744314,0.25,0,0.128504866934,1
R022,1,4,dos/hulk,6,0.00420587396635,0.5,0.5,0.981715141146,0.191768511862,0.00283430744314,0.25,0,0.128504866934,1
R023,1,1,brute_force/ftp_patator,7,0.0025028604119,0,0,0.962850400458,0.0572769953052,0.00228857122738,0.25,0,0.133600030769,4
R023,1,2,brute_force/ssh_patator,1,0.00227531285552,0,0,0.464697098976,0.00424808836024,0.00228857122738,0.25,0,0.133600030769,4
R023,1,3,ddos/loit,1,0.00203693644758,0.5,0.5,0.98373845736,0.260811654027,0.00228857122738,0.25,0,0.133600030769,4
R023,1,4,dos/hulk,248,0.00235243798118,0.5,0.5,0.983675506131,0.212063385385,0.00228857122738,0.25,0,0.133600030769,4
R024,1,1,brute_force/ftp_patator,59,0.00271739130435,0,0,0.962635869565,0.0571161048689,0.00213013168087,0.25,0,0.134321440203,1
R024,1,2,brute_force/ssh_patator,1,0.00227531285552,0,0,0.464697098976,0.00424808836024,0.00213013168087,0.25,0,0.134321440203,1
R024,1,3,ddos/loit,1,0.00156165127648,0.5,0.5,0.983976099946,0.260976789168,0.00213013168087,0.25,0,0.134321440203,1
R024,1,4,dos/hulk,1,0.00199600798403,0.5,0.5,0.983016110636,0.214944778415,0.00213013168087,0.25,0,0.134321440203,1
R025,1,1,brute_force/ftp_patator,1,0.00243135011442,0,0,0.962921910755,0.0573308270677,0.00220054925709,0.25,0,0.131036022604,47
R025,1,2,brute_force/ssh_patator,1,0.00227531285552,0,0,0.464697098976,0.00424808836024,0.00220054925709,0.25,0,0.131036022604,47
R025,1,3,ddos/loit,92,0.00169744703965,0.5,0.5,0.983942151005,0.255793226381,0.00220054925709,0.25,0,0.131036022604,47
R025,1,4,dos/hulk,95,0.00242372398061,0.5,0.5,0.982784431138,0.206771948608,0.00220054925709,0.25,0,0.131036022604,47
R026,1,1,brute_force/ftp_patator,69,0.00908180778032,1,0.983606557377,0.997773802378,0.747695270691,0.00293993380748,0.777777777778,0.111111111111,0.708964828782,43
R026,1,2,brute_force/ssh_patator,1,0.00014220705347,0.111111111111,0.55,0.922824824611,0.542494814348,0.00293993380748,0.777777777778,0.111111111111,0.708964828782,43
R026,1,3,ddos/loit,33,0.00115426398696,1,1,0.999999191692,0.999446290144,0.00293993380748,0.777777777778,0.111111111111,0.708964828782,43
R026,1,4,dos/hulk,52,0.00149700598802,1,0.527777777778,0.981092378735,0.546222939945,0.00293993380748,0.777777777778,0.111111111111,0.708964828782,43
R027,1,1,brute_force/ftp_patator,1,0.000786613272311,0,0,0.499606693364,0.00434318262727,0.00311597774805,0.527777777778,0,0.445593359239,5
R027,1,2,brute_force/ssh_patator,21,0.00312855517634,0.111111111111,0.583333333333,0.921547923777,0.266455934011,0.00311597774805,0.527777777778,0,0.445593359239,5
R027,1,3,ddos/loit,1,0.00495654535578,1,1,0.99998706707,0.994372294372,0.00311597774805,0.527777777778,0,0.445593359239,5
R027,1,4,dos/hulk,9,0.00349301397206,1,0.527777777778,0.754347455882,0.517202025948,0.00311597774805,0.527777777778,0,0.445593359239,5
R028,1,1,brute_force/ftp_patator,14,0.00243135011442,0,0,0.962921910755,0.0573308270677,0.002482219562,0.25,0,0.122954344516,8
R028,1,2,brute_force/ssh_patator,1,0.00227531285552,0,0,0.464697098976,0.00424808836024,0.002482219562,0.25,0,0.122954344516,8
R028,1,3,ddos/loit,171,0.00251222161869,0.5,0.5,0.983551738186,0.250436159956,0.002482219562,0.25,0,0.122954344516,8
R028,1,4,dos/hulk,1,0.00270886797833,0.5,0.5,0.982303250642,0.179802302681,0.002482219562,0.25,0,0.122954344516,8
R029,1,1,brute_force/ftp_patator,8,0.00235983981693,0,0,0.946045480549,0.0469230769231,0.00232378001549,0.25,0,0.123355554834,5
R029,1,2,brute_force/ssh_patator,1,0.00227531285552,0,0,0.464697098976,0.00424808836024,0.00232378001549,0.25,0,0.123355554834,5
R029,1,3,ddos/loit,87,0.00264801738186,0.5,0.5,0.983195274307,0.227848880138,0.00232378001549,0.25,0,0.123355554834,5
R029,1,4,dos/hulk,1,0.00199600798403,0.5,0.5,0.982053749644,0.214402173913,0.00232378001549,0.25,0,0.123355554834,5
R030,1,1,brute_force/ftp_patator,10,0.00243135011442,0,0,0.946045480549,0.0469230769231,0.00228857122738,0.25,0,0.120744787811,6
R030,1,2,brute_force/ssh_patator,1,0.00227531285552,0,0,0.464697098976,0.00424808836024,0.00228857122738,0.25,0,0.120744787811,6
R030,1,3,ddos/loit,32,0.0024443237371,0.5,0.5,0.977559750136,0.216863207547,0.00228857122738,0.25,0,0.120744787811,6
R030,1,4,dos/hulk,1,0.00199600798403,0.5,0.5,0.983016110636,0.214944778415,0.00228857122738,0.25,0,0.120744787811,6
R031,1,1,brute_force/ftp_patator,14,0.00243135011442,0,0,0.946832093822,0.0473235065943,0.00205971410464,0.25,0,0.131873290634,1
R031,1,2,brute_force/ssh_patator,1,0.00227531285552,0,0,0.464697098976,0.00424808836024,0.00205971410464,0.25,0,0.131873290634,1
R031,1,3,ddos/loit,1,0.00156165127648,0.5,0.5,0.983976099946,0.260976789168,0.00205971410464,0.25,0,0.131873290634,1
R031,1,4,dos/hulk,1,0.00199600798403,0.5,0.5,0.983016110636,0.214944778415,0.00205971410464,0.25,0,0.131873290634,1
R032,1,1,brute_force/ftp_patator,10,0.00243135011442,0,0,0.946832093822,0.0473235065943,0.00205971410464,0.25,0,0.131873290634,1
R032,1,2,brute_force/ssh_patator,1,0.00227531285552,0,0,0.464697098976,0.00424808836024,0.00205971410464,0.25,0,0.131873290634,1
R032,1,3,ddos/loit,1,0.00156165127648,0.5,0.5,0.983976099946,0.260976789168,0.00205971410464,0.25,0,0.131873290634,1
R032,1,4,dos/hulk,1,0.00199600798403,0.5,0.5,0.983016110636,0.214944778415,0.00205971410464,0.25,0,0.131873290634,1
R033,1,1,brute_force/ftp_patator,10,0.00235983981693,0,0,0.962957665904,0.0573308270677,0.00204210971058,0.25,0,0.134375120753,1
R033,1,2,brute_force/ssh_patator,1,0.00227531285552,0,0,0.464697098976,0.00424808836024,0.00204210971058,0.25,0,0.134375120753,1
R033,1,3,ddos/loit,1,0.00156165127648,0.5,0.5,0.983976099946,0.260976789168,0.00204210971058,0.25,0,0.134375120753,1
R033,1,4,dos/hulk,1,0.00199600798403,0.5,0.5,0.983016110636,0.214944778415,0.00204210971058,0.25,0,0.134375120753,1
R034,1,1,brute_force/ftp_patator,81,0.00171624713959,1,0.983606557377,0.99743911074,0.720322243281,0.00371452714598,0.777777777778,0.111111111111,0.647850299092,69
R034,1,2,brute_force/ssh_patator,21,0.00334186575654,0.111111111111,0.75,0.920282873531,0.339869396208,0.00371452714598,0.777777777778,0.111111111111,0.647850299092,69
R034,1,3,ddos/loit,57,0.00522813688213,1,1,0.999999191692,0.999446290144,0.00371452714598,0.777777777778,0.111111111111,0.647850299092,69
R034,1,4,dos/hulk,101,0.00449101796407,1,0.527777777778,0.971467778728,0.531763266734,0.00371452714598,0.777777777778,0.111111111111,0.647850299092,69
R035,1,1,brute_force/ftp_patator,5,0.00243135011442,0,0,0.946832093822,0.0473235065943,0.00205971410464,0.25,0,0.131873290634,1
R035,1,2,brute_force/ssh_patator,1,0.00227531285552,0,0,0.464697098976,0.00424808836024,0.00205971410464,0.25,0,0.131873290634,1
R035,1,3,ddos/loit,1,0.00156165127648,0.5,0.5,0.983976099946,0.260976789168,0.00205971410464,0.25,0,0.131873290634,1
R035,1,4,dos/hulk,1,0.00199600798403,0.5,0.5,0.983016110636,0.214944778415,0.00205971410464,0.25,0,0.131873290634,1
R036,1,1,brute_force/ftp_patator,26,0.00243135011442,0,0,0.946045480549,0.0469230769231,0.00205971410464,0.25,0,0.131773183217,1
R036,1,2,brute_force/ssh_patator,1,0.00227531285552,0,0,0.464697098976,0.00424808836024,0.00205971410464,0.25,0,0.131773183217,1
R036,1,3,ddos/loit,1,0.00156165127648,0.5,0.5,0.983976099946,0.260976789168,0.00205971410464,0.25,0,0.131773183217,1
R036,1,4,dos/hulk,1,0.00199600798403,0.5,0.5,0.983016110636,0.214944778415,0.00205971410464,0.25,0,0.131773183217,1
R037,1,1,brute_force/ftp_patator,13,0.00243135011442,0,0,0.946045480549,0.0469230769231,0.00205971410464,0.25,0,0.131773183217,1
R037,1,2,brute_force/ssh_patator,1,0.00227531285552,0,0,0.464697098976,0.00424808836024,0.00205971410464,0.25,0,0.131773183217,1
R037,1,3,ddos/loit,1,0.00156165127648,0.5,0.5,0.983976099946,0.260976789168,0.00205971410464,0.25,0,0.131773183217,1
R037,1,4,dos/hulk,1,0.00199600798403,0.5,0.5,0.983016110636,0.214944778415,0.00205971410464,0.25,0,0.131773183217,1
R038,1,1,brute_force/ftp_patator,34,0.00421910755149,0,0,0.99460448944,0.448007966499,0.00394338426871,0.527777777778,0,0.555705312908,1
R038,1,2,brute_force/ssh_patator,1,0.0030574516496,0.111111111111,0.55,0.920759859689,0.26273917525,0.00394338426871,0.527777777778,0,0.555705312908,1
R038,1,3,ddos/loit,1,0.00495654535578,1,1,0.99998706707,0.994372294372,0.00394338426871,0.527777777778,0,0.555705312908,1
R038,1,4,dos/hulk,1,0.00349301397206,1,0.527777777778,0.754349436049,0.51770181551,0.00394338426871,0.527777777778,0,0.555705312908,1
R039,1,1,brute_force/ftp_patator,1,0,0,0,0.946045480549,0.0469230769231,0.00149637349482,0.25,0,0.130341641394,1
R039,1,2,brute_force/ssh_patator,1,0.00227531285552,0,0,0.464697098976,0.00424808836024,0.00149637349482,0.25,0,0.130341641394,1
R039,1,3,ddos/loit,159,0.00169744703965,0.5,0.5,0.983942151005,0.255793226381,0.00149637349482,0.25,0,0.130341641394,1
R039,1,4,dos/hulk,1,0.00199600798403,0.5,0.5,0.982053749644,0.214402173913,0.00149637349482,0.25,0,0.130341641394,1
R040,1,1,brute_force/ftp_patator,147,0.00929633867277,1,0.983606557377,0.997783766928,0.747698692675,0.00301035138371,0.777777777778,0.111111111111,0.715436626505,84
R040,1,2,brute_force/ssh_patator,3,0.000213310580205,0.111111111111,0.583333333333,0.923585039818,0.570737939892,0.00301035138371,0.777777777778,0.111111111111,0.715436626505,84
R040,1,3,ddos/loit,68,0.00115426398696,1,1,0.999999191692,0.999446290144,0.00301035138371,0.777777777778,0.111111111111,0.715436626505,84
R040,1,4,dos/hulk,100,0.00149700598802,1,0.527777777778,0.981202277984,0.543863583307,0.00301035138371,0.777777777778,0.111111111111,0.715436626505,84
R041,1,1,brute_force/ftp_patator,63,0.00178775743707,1,0.983606557377,0.998206381063,0.831824711787,0.00234138440955,0.777777777778,0.111111111111,0.739563309056,45
R041,1,2,brute_force/ssh_patator,15,0.0030574516496,0.111111111111,0.583333333333,0.918744074706,0.602285760081,0.00234138440955,0.777777777778,0.111111111111,0.739563309056,45
R041,1,3,ddos/loit,57,0.00115426398696,1,1,0.999999191692,0.999446290144,0.00234138440955,0.777777777778,0.111111111111,0.739563309056,45
R041,1,4,dos/hulk,32,0.00342172797263,1,0.527777777778,0.966180733771,0.524696474214,0.00234138440955,0.777777777778,0.111111111111,0.739563309056,45
R042,1,1,brute_force/ftp_patator,36,0.00243135011442,0,0,0.946045480549,0.0469230769231,0.00205971410464,0.25,0,0.131773183217,1
R042,1,2,brute_force/ssh_patator,1,0.00227531285552,0,0,0.464697098976,0.00424808836024,0.00205971410464,0.25,0,0.131773183217,1
R042,1,3,ddos/loit,1,0.00156165127648,0.5,0.5,0.983976099946,0.260976789168,0.00205971410464,0.25,0,0.131773183217,1
R042,1,4,dos/hulk,1,0.00199600798403,0.5,0.5,0.983016110636,0.214944778415,0.00205971410464,0.25,0,0.131773183217,1
R043,1,1,brute_force/ftp_patator,10,0.00243135011442,0,0,0.946045480549,0.0469230769231,0.00228857122738,0.25,0,0.120744787811,6
R043,1,2,brute_force/ssh_patator,1,0.00227531285552,0,0,0.464697098976,0.00424808836024,0.00228857122738,0.25,0,0.120744787811,6
R043,1,3,ddos/loit,32,0.0024443237371,0.5,0.5,0.977559750136,0.216863207547,0.00228857122738,0.25,0,0.120744787811,6
R043,1,4,dos/hulk,1,0.00199600798403,0.5,0.5,0.983016110636,0.214944778415,0.00228857122738,0.25,0,0.120744787811,6
R044,1,1,brute_force/ftp_patator,7,0.00235983981693,0,0,0.962957665904,0.0573308270677,0.00204210971058,0.25,0,0.134375120753,1
R044,1,2,brute_force/ssh_patator,1,0.00227531285552,0,0,0.464697098976,0.00424808836024,0.00204210971058,0.25,0,0.134375120753,1
R044,1,3,ddos/loit,1,0.00156165127648,0.5,0.5,0.983976099946,0.260976789168,0.00204210971058,0.25,0,0.134375120753,1
R044,1,4,dos/hulk,1,0.00199600798403,0.5,0.5,0.983016110636,0.214944778415,0.00204210971058,0.25,0,0.134375120753,1
R045,1,1,brute_force/ftp_patator,78,0.00336098398169,0,0,0.961992276888,0.0566388115135,0.00253503274417,0.25,0,0.131584577641,40
R045,1,2,brute_force/ssh_patator,1,0.00227531285552,0,0,0.464697098976,0.00424808836024,0.00253503274417,0.25,0,0.131584577641,40
R045,1,3,ddos/loit,99,0.00251222161869,0.5,0.5,0.983602661597,0.250506632277,0.00253503274417,0.25,0,0.131584577641,40
R045,1,4,dos/hulk,1,0.00199600798403,0.5,0.5,0.983016110636,0.214944778415,0.00253503274417,0.25,0,0.131584577641,40
R046,1,1,brute_force/ftp_patator,9,0.00235983981693,0,0,0.962957665904,0.0573308270677,0.00204210971058,0.25,0,0.134375120753,1
R046,1,2,brute_force/ssh_patator,1,0.00227531285552,0,0,0.464697098976,0.00424808836024,0.00204210971058,0.25,0,0.134375120753,1
R046,1,3,ddos/loit,1,0.00156165127648,0.5,0.5,0.983976099946,0.260976789168,0.00204210971058,0.25,0,0.134375120753,1
R046,1,4,dos/hulk,1,0.00199600798403,0.5,0.5,0.983016110636,0.214944778415,0.00204210971058,0.25,0,0.134375120753,1
R047,1,1,brute_force/ftp_patator,1,0.00264588100686,0,0,0.498677059497,0.00434318262727,0.00413703260334,0.527777777778,0,0.461579862839,29
R047,1,2,brute_force/ssh_patator,37,0.00462172923777,0.111111111111,0.75,0.925104285173,0.333324585634,0.00413703260334,0.527777777778,0,0.461579862839,29
R047,1,3,ddos/loit,54,0.00549972840847,1,1,0.999999191692,0.999446290144,0.00413703260334,0.527777777778,0,0.461579862839,29
R047,1,4,dos/hulk,21,0.00370687197035,1,0.527777777778,0.754271219466,0.509205392951,0.00413703260334,0.527777777778,0,0.461579862839,29
R048,1,1,brute_force/ftp_patator,1,0.000786613272311,0,0,0.499606693364,0.00434318262727,0.00308076895993,0.527777777778,0,0.522756795732,41
R048,1,2,brute_force/ssh_patator,31,0.0030574516496,0.111111111111,0.583333333333,0.918646307357,0.567615231714,0.00308076895993,0.527777777778,0,0.522756795732,41
R048,1,3,ddos/loit,51,0.00495654535578,1,1,0.999989491995,0.994372294372,0.00308076895993,0.527777777778,0,0.522756795732,41
R048,1,4,dos/hulk,66,0.00342172797263,1,0.527777777778,0.966180733771,0.524696474214,0.00308076895993,0.527777777778,0,0.522756795732,41
